Country,Confirmed,Deaths,Recovered,GDP_2018,gini,Infant Mortality Rate,Population Density,Urban Population,Median Age
Afghanistan,1936390,-0.183324410703291,798240,0.009597965944378773,-1.0098808986326668,0.5662133494785164,0.0022781637999772183,-1.6370733374657753,-1.4576241394924039
Albania,196702,-0.2268134713865568,118877,0.10003605859828388,-0.9097725556895926,0.08956225102137945,0.0039867866499601326,0.15720792483977408,0.6554417271543023
Algeria,1179755,-0.15438449048737451,755897,0.11682211474465656,-1.6643205136933592,0.23219314662223006,0.0006834491399931655,0.629387204393866,-0.16630610987497238
Andorra,94404,-0.22709912205018276,69074,0.16499332159743768,-1.6135192650356798,0.016833419074207826,0.006226981053271063,1.337656123725004,0.0
Angola,22662,-0.23145404181669094,6573,0.04524757090837612,1.8693545767599236,0.6123374607120533,0.0009872043133234613,0.346079636661411,-1.5750166876394431
Antigua and Barbuda,4487,-0.2322077586554514,2600,0.2070794501659228,0.0,0.05404638036993129,0.008467175456581995,-1.589855409510366,0.42065663086022376
Argentina,4450658,-0.13456233899779288,1680024,0.15747695737517983,0.40629284546040006,0.08483044369551337,0.0006454797433268786,1.5737457635020502,0.1858715345661453
Armenia,1587173,-0.2053836579164276,857482,0.07608934290856967,-0.9384331531943266,0.11338873458249721,0.003948817253293845,0.15720792483977408,0.538049179007263
Australia,960247,-0.22112150605767303,711928,0.40362639791510885,-0.24601413572807257,0.019602999703675777,0.00011390818999886092,1.2432202678141855,0.8902268234483807
Austria,2034986,-0.16098151739258898,1638380,0.4336794828130623,-0.8841691532673719,0.017004322439111184,0.00413866423662528,-0.12609964289268136,1.4771895641835768
Azerbaijan,1134717,-0.21821989668505137,703402,0.13713335503470606,0.0,0.21059472612623148,0.004670235789953297,-0.17331757084809007,0.1858715345661453
Bahamas,12100,-0.23132875643790762,6047,0.16499332159743768,0.0,0.1177502755732413,0.001480806469985192,1.2432202678141855,0.1858715345661453
Bahrain,1755206,-0.22740782522350486,1334787,0.369063021783705,3.1139851688730666,0.05544705225716017,0.08501347913581653,1.3848740516804132,0.1858715345661453
Bangladesh,8754729,-0.11663750928450582,3714702,0.028755060503124017,0.5985762831317978,0.3030621123431738,0.04803128678285302,-0.9760223460900466,-0.2836986580220116
Barbados,10652,-0.23179481804698157,7444,0.14117596576681374,0.2850528906807263,0.12888846625711137,0.0253635569730797,-1.3537657697333203,1.125011919742459
Belarus,4426759,-0.20407868541102056,2771925,0.1525959129385017,-1.8461092956546634,0.011680755800047297,0.0017845616433154877,0.9126947721263213,1.125011919742459
Belgium,6281116,0.7333446054009244,1627492,0.401602155668069,-1.1560922048183477,0.015620900083463823,0.01454227892318791,1.8098354032790958,1.3597970160365376
Belize,2636,-0.2323119960905991,1618,0.0626527216854969,0.0,0.11440202702247095,0.0006454797433268786,-0.6454968504021822,-0.6358763024631293
Benin,64406,-0.23143700300517642,25911,0.013321579377791774,1.0221690476745064,0.7232809267168772,0.004100694839958993,-0.5510609944913639,-1.3402315913453646
Bhutan,4971,-0.2325345029233183,2838,0.07470023759841517,-0.09471134560829664,0.28117815191818907,0.0007593879333257394,-0.6454968504021822,-0.2836986580220116
Bolivia,2170351,-0.15432435350555854,571653,0.056510062243484496,1.050846326328531,0.23996724171662834,0.0004176633633291567,0.440515492572229,-0.5184837543160901
Bosnia and Herzegovina,396634,-0.216124122868764,207156,0.1100200164246828,-0.855982998287344,0.044836587982563327,0.002430041386642366,-0.362189282669727,1.4771895641835768
Botswana,15306,-0.2324142289596863,2291,0.14166476470158498,1.9213511489154305,0.3868991297738742,0.00015187758666514788,0.629387204393866,-0.7532688506101685
Brazil,89524967,3.7144901478894017,54492873,0.12169403439912314,1.875119899691365,0.13777703549263445,0.0009492349166571743,1.337656123725004,0.30326408271318456
Brunei,18168,-0.23230798695847804,15262,0.16499332159743768,0.0,0.23996724171662834,0.003151459923301819,0.9599127000817306,0.1858715345661453
Bulgaria,410722,-0.21484019830699255,182621,0.16817656881148105,0.09791864264616572,0.05201385130816409,0.002430041386642366,0.7710409882600936,1.7119746604776553
Burkina Faso,96153,-0.22693875676534012,74876,0.009834803779503336,-0.5168099557787209,0.6595904678018255,0.00288567414663781,-1.3537657697333203,-1.4576241394924039
Burma,25188,-0.23189404406697797,15476,0.16499332159743768,0.0,0.23996724171662834,0.014077533507992557,0.0,0.0
Burundi,11351,-0.23242826092211002,7361,0.0,-0.020750704180205068,0.4824192999172702,0.01757983065649087,-2.1564705449752766,-1.5750166876394431
Cabo Verde,82732,-0.23167855321547065,38253,0.05318792013171053,0.0,0.14207758939503334,0.005239776739947602,0.39329756461682025,-0.2836986580220116
Cambodia,17079,-0.2325345029233183,13917,0.028668653723064663,-1.014861413206949,0.26839906837630734,0.003607092683297262,-1.6842912654211846,-0.5184837543160901
Cameroon,844817,-0.21012946806473973,588941,0.024104602538349732,1.1775611023921135,0.6122509601101975,0.0021262862133120705,-0.17331757084809007,-1.3402315913453646
Canada,9356551,0.468628627428134,0,0.375620133418632,-0.3464763573382666,0.034616219799508796,0.00015187758666514788,1.00713062803714,1.2424044678894983
Central African Republic,198659,-0.2305199140324825,43318,0.000917555716617981,0.0,1.0,0.00030375517333029576,-0.7871506342684099,-1.4576241394924039
Chad,64226,-0.22699889374715612,48059,0.009703012382753595,0.6815018507935978,0.8502425726165573,0.0004936021566617307,-1.7315091933765938,-1.5750166876394431
Chile,16935654,0.09068172867704012,13292593,0.1940350555418019,1.1775611023921135,0.0562603015813708,0.0009872043133234613,1.1960023398587762,0.538049179007263
China,14132002,0.44141363630730623,11466866,0.13865907620079243,0.3934569032115904,0.06622751800335598,0.005809317689941907,0.0627720689289556,0.8902268234483807
Colombia,6893122,0.004530490810478453,2823811,0.11310557429565476,1.8334797793566835,0.1301066580607859,0.0017465922466492008,0.9599127000817306,0.06847898641910607
Comoros,15823,-0.23219673354211845,11473,0.01719486533451476,0.9818268796228193,0.5884397416392927,0.017731708243156015,-1.4482016256441388,-1.2228390431983254
Congo (Brazzaville),101609,-0.22983234787371967,29132,0.16499332159743768,0.0,0.23996724171662834,0.014077533507992557,0.0,0.0
Congo (Kinshasa),427604,-0.22162164528977604,135073,0.16499332159743768,0.0,0.23996724171662834,0.014077533507992557,0.0,0.0
Costa Rica,347151,-0.23049285239066533,116642,0.1341763286305162,1.5050610638672626,0.07609592382527078,0.003796939666628697,0.9599127000817306,0.30326408271318456
Cote d'Ivoire,611062,-0.22780673386955094,309368,0.02744976908364145,1.663825341994541,0.23996724171662834,0.014077533507992557,0.0,0.0
Croatia,299218,-0.2221388233333936,213360,0.2127205391091554,-0.6981459636878155,0.03221401508542349,0.002771765956638949,-0.07888171493727211,1.594582112330616
Cuba,216346,-0.2243709076417972,170780,0.16499332159743768,0.0,0.02913740712709609,0.004024756046626419,0.8654768441709121,1.3597970160365376
Cyprus,107176,-0.23056802361793532,65254,0.2993882833580675,-0.6468623720602343,0.004356420980951957,0.004973990963283594,0.346079636661411,0.7728342753013414
Czechia,1146758,-0.19909433190150497,651140,0.16499332159743768,-1.3533546827804348,0.01302398217983872,0.014077533507992557,0.0,0.0
Denmark,1305978,-0.17179414672310456,1057021,0.4353954455379877,-1.1137459725689134,0.02197841544215231,0.005201807343281315,1.337656123725004,1.3597970160365376
Djibouti,336216,-0.22951662871918568,255143,0.16499332159743768,0.7258284305047112,0.5901596926638583,0.00163268405665034,0.9126947721263213,-0.4010912061690508
Dominica,2059,-0.2325345029233183,1659,0.08232524569018813,0.0,0.3703093708608331,0.0036450620799635494,0.6766051323492751,0.0
Dominican Republic,2495433,-0.17060744361526897,1211513,0.13478740573470865,1.0691103975371168,0.2761745527221896,0.00854311424991457,1.1960023398587762,-0.2836986580220116
Ecuador,4678496,0.11487483646161421,1772210,0.08711720656012302,0.9177045081812488,0.13262158430223864,0.002695827163306375,0.15720792483977408,-0.2836986580220116
Egypt,4142819,-0.045171722377409705,1197283,0.16499332159743768,-0.8505186622972745,0.1991217534275801,0.003910847856627558,-0.7871506342684099,-0.6358763024631293
El Salvador,453036,-0.22107941017040184,240972,0.060145595104553466,0.28807782085599043,0.12506213411540792,0.011884421156547822,0.629387204393866,-0.2836986580220116
Equatorial Guinea,153258,-0.2302833752373396,35352,0.17438685921652022,0.0,0.7410302757613015,0.0018984698333143486,0.629387204393866,-0.988053946904247
Eritrea,11786,-0.2325345029233183,5724,0.16499332159743768,0.0,0.36445610079641977,0.0013289288833200441,0.15720792483977408,-1.3402315913453646
Estonia,216505,-0.2256929189587188,137224,0.2792580996009329,-0.3950889855069657,0.004734707221830882,0.001177051296654896,0.39329756461682025,1.3597970160365376
Eswatini,63160,-0.2317697609712249,30185,0.07842510372848906,2.130084514723601,0.4662755964971307,0.002543949576641227,-1.4009836976887295,-1.1054464950512861
Ethiopia,357928,-0.22663406272413908,121793,0.010130106211427799,-0.9522065398624775,0.44089819263528174,0.004366480616623002,-1.8259450492874123,-1.3402315913453646
Fiji,2266,-0.2325345029233183,1568,0.08034051079421924,-0.307628343658864,0.2538526480359506,0.0018605004366480616,-0.03166378698186288,-0.2836986580220116
Finland,713167,-0.20212724035109156,544492,0.37789259014542165,-1.1168255095256463,0.005689827765109891,0.0006834491399931655,1.2432202678141855,1.4771895641835768
France,21210926,2.8229493696369987,7182115,0.35352131101356893,-0.7464397934612141,0.028680015807878517,0.004518358203288149,1.0543485559925485,1.3597970160365376
Gabon,330678,-0.2300318021967427,146671,0.13579867437006218,-0.11039996651728538,0.37294261192001443,0.00034172456999658277,1.2904381957695947,-0.8706613987572077
Gambia,4845,-0.2323250257699926,2278,0.16499332159743768,0.0,0.43264605610979906,0.009074685803242586,-0.03166378698186288,-1.4576241394924039
Georgia,85213,-0.23126561260700082,60230,0.08925892158929298,-0.024320072958438875,0.0884647762986916,0.0021642556099783572,-0.07888171493727211,0.8902268234483807
Germany,21059152,0.6407767515745962,17107839,0.4148125061836821,-0.6937870541682596,0.021704833385891614,0.009112655199908873,0.7710409882600936,1.8293672086246946
Ghana,1246644,-0.22561073175023694,814529,0.03172705730341544,0.6254710618329221,0.40749826736715516,0.005201807343281315,-0.12609964289268136,-0.988053946904247
Greece,362615,-0.21327563449674644,132346,0.22867221484305847,-0.24440946069098055,0.02282012758005126,0.003075521129969245,1.1960023398587762,1.8293672086246946
Greenland,1507,-0.2325345029233183,1372,0.16499332159743768,-0.7027491665519255,0.23996724171662834,0.0,1.2904381957695947,0.0
Grenada,2466,-0.2325345029233183,1848,0.11742262898580481,0.0,0.1658651986377513,0.012567870296540988,-1.1648940579116835,0.1858715345661453
Guatemala,1273708,-0.18328933079723167,416757,0.06118059687728828,1.2326025188630314,0.24216231668145236,0.006340889243269925,-0.362189282669727,-0.8706613987572077
Guinea,403605,-0.23017312410401028,276575,0.013956626583252639,-0.7513921922274166,0.7838835939063354,0.0020123780233132094,-0.9760223460900466,-1.4576241394924039
Guinea-Bissau,122994,-0.23124055553124417,26036,0.008361873425663288,1.7782111600505568,0.6392906830456979,0.0026578577666400882,-0.6927147783575914,-1.3402315913453646
Guyana,19089,-0.2311854299645795,8521,0.0625944483387039,0.0,0.28856483351562023,0.00015187758666514788,-1.5426374815549568,-0.4010912061690508
Haiti,333181,-0.22585629109265223,87298,0.008897326660927397,1.820794559660671,0.5876366654170395,0.015719330219842807,-0.12609964289268136,-0.7532688506101685
Holy See,1356,-0.2325345029233183,742,0.16499332159743768,0.0,0.23996724171662834,0.0760527015225728,0.0,0.0
Honduras,1228583,-0.19450688247197495,135380,0.03483489933950698,1.7239235511908804,0.16299814220369951,0.0033792763032995405,-0.12609964289268136,-0.7532688506101685
Hungary,396247,-0.1813649473791199,204205,0.2406444663042081,-1.0619938095255577,0.019363777063129077,0.004062725443292706,0.5821692764384567,1.4771895641835768
Iceland,221241,-0.23139089798578416,190132,0.4483311618522557,-1.4249544720695337,0.0007533073227565695,0.00011390818999886092,1.6209636914574588,0.7728342753013414
India,40883464,0.881834840900975,23783720,0.055635858810817077,-0.1408166805245105,0.33660645755091695,0.017617800053157155,-1.1648940579116835,-0.2836986580220116
Indonesia,4057909,-0.011759615280443853,1677484,0.09778059662279981,-0.08528202004266183,0.2358037085838196,0.005733378896609333,-0.17331757084809007,-0.04891356172793315
Iran,19339267,0.7939396305617494,15200895,0.16499332159743768,0.07726582264167121,0.23996724171662834,0.0019744086266469227,0.7710409882600936,0.1858715345661453
Iraq,3093628,-0.11086536131320074,1790961,0.13231161593547022,0.4801230448401172,0.2557568861426407,0.0035311538899646883,0.629387204393866,-1.1054464950512861
Ireland,2571918,-0.07021677073771036,1997530,0.65363803948146,-0.386872717517445,0.016801166099544757,0.002733796559972662,0.15720792483977408,0.8902268234483807
Israel,2677930,-0.20083529752507798,1521162,0.3105324592283362,0.09836021744628501,0.01855252819978767,0.015187758666514789,1.5737457635020502,-0.04891356172793315
Italy,26745145,3.4836473272074997,15673910,0.3256826168608121,-0.34713611381434006,0.014982662560065328,0.007821695713255116,0.440515492572229,1.9467597567717336
Jamaica,61392,-0.2315272084779004,36003,0.0680316549532923,-0.1324674772464134,0.13121224649285876,0.010365645289896343,-0.22053549880349932,0.06847898641910607
Japan,1952495,-0.1467801691367422,1307911,0.3333480917640461,-0.2165471833816767,0.003825274023408762,0.01317538064320158,1.526527835546641,2.064152304918773
Jordan,93144,-0.2314911262888108,68045,0.06923843583026038,-0.2873997921571635,0.14986140238046894,0.004366480616623002,1.4793099075912317,-0.7532688506101685
Kazakhstan,2430707,-0.217880122737791,1342402,0.21509835146724765,-1.6617804512604752,0.09821648208743801,0.0002657857766640088,-0.07888171493727211,0.06847898641910607
Kenya,464603,-0.22204761557763933,161998,0.021587655899337612,0.30198664023328764,0.3819890664344328,0.0035691232866309755,-1.4954195535995476,-1.2228390431983254
Kosovo,225972,-0.22729356495805447,122234,0.08405727034009138,-1.3085457559371279,0.23996724171662834,0.014077533507992557,0.0,0.0
Kuwait,3120160,-0.20939780145264517,2205347,0.5719457236521877,0.0,0.06632967155418878,0.009112655199908873,0.0,0.7728342753013414
Kyrgyzstan,596200,-0.21752130541295558,301587,0.16499332159743768,-1.611195024901015,0.18700468017609895,0.0012909594866537572,-1.1176761299562743,-0.5184837543160901
Laos,2229,-0.2325345029233183,1540,0.16499332159743768,-0.35394712919968957,0.23996724171662834,0.001215020693321183,-1.1176761299562743,-0.7532688506101685
Latvia,118383,-0.2300708912349231,74648,0.23432164888803364,0.05293279571109202,0.020095303543373823,0.0011390818999886091,0.440515492572229,1.594582112330616
Lebanon,166607,-0.22900646665678,82508,0.09779239297585811,-1.0352815229615067,0.0587537103623291,0.02532558757641341,0.8654768441709121,-0.04891356172793315
Lesotho,6794,-0.23243627918635218,1318,0.01962102113960443,1.609371715982388,0.8374261256946604,0.002695827163306375,-1.3537657697333203,-0.7532688506101685
Liberia,51775,-0.22918587531919773,23418,0.004474264573846389,-0.6729490876824697,0.7632948291532025,0.0020123780233132094,-0.3149713547143178,-1.3402315913453646
Libya,62321,-0.23091882267852862,14199,0.1586944795554833,0.0,0.10552041475077464,0.00015187758666514788,0.8654768441709121,-0.16630610987497238
Liechtenstein,10351,-0.23241823809180737,9477,0.16499332159743768,0.0,0.23996724171662834,0.009036716406576299,-2.1092526170198673,0.0
Lithuania,188762,-0.22549947833387735,120592,0.2751962674781972,0.04766022100797246,0.01881319933851931,0.00163268405665034,0.5349513484830475,1.7119746604776553
Luxembourg,501355,-0.22088396497949986,379664,0.8925045643451422,-0.8548336487702027,0.009490410612762864,0.009188593993241448,1.337656123725004,1.125011919742459
Madagascar,207296,-0.2308316240548954,99424,0.009093143133290234,0.4030910860912185,0.4399311069270139,0.0018225310399817747,-0.9760223460900466,-1.2228390431983254
Malawi,89666,-0.23089075875368115,26822,0.004493019543383728,0.8419740303769728,0.3699989351957121,0.007707787523256256,-1.9675988331536398,-1.4576241394924039
Malaysia,876874,-0.2195338897377308,703056,0.24603192366891352,0.25234751164294106,0.07329359832684135,0.0037589702699624104,0.8654768441709121,-0.04891356172793315
Maldives,173602,-0.23182789338698037,106302,0.11544233016731549,-0.39249631200463486,0.06316770172477977,0.06842085279264913,-1.1648940579116835,-0.04891356172793315
Mali,151494,-0.22428671586725482,95287,0.012464686722262995,-0.8544888439150596,0.7384773769646259,0.0006454797433268786,-0.7399327063130007,-1.6924092357864824
Malta,67483,-0.23176775640516437,53260,0.33163304315819037,-1.1016951601622416,0.05766657519958995,0.05239776739947602,1.5737457635020502,1.4771895641835768
Mauritania,219095,-0.22579916095992705,94938,0.027004903446964837,-0.9172433275510167,0.6118279913689166,0.00018984698333143486,-0.12609964289268136,-1.2228390431983254
Mauritius,39448,-0.23137085232517882,32602,0.18237044803159944,-0.17091321859481534,0.16069390245352325,0.023768842313095645,-0.8815864901792284,0.7728342753013414
Mexico,14946202,1.4996882057766714,11141225,0.15140563661133566,1.0308796497597406,0.13461307563320954,0.00250598017997494,1.148784411903367,-0.16630610987497238
Moldova,1156957,-0.194251300299257,652369,0.051741896657076444,-1.6052184074118763,0.23996724171662834,0.004670235789953297,-0.7871506342684099,0.8902268234483807
Monaco,11993,-0.232108532635455,8707,0.16499332159743768,0.0,0.013010863897811203,1.0,0.0,0.0
Mongolia,16999,-0.2325345029233183,9902,0.10349015920384183,-0.8644498730636236,0.15033773055559088,7.593879333257394e-05,0.346079636661411,-0.2836986580220116
Montenegro,72422,-0.23115235462458072,31486,0.15810648990290263,-0.488140868760508,0.006874232274948442,0.0017845616433154877,0.39329756461682025,1.0076193715954198
Morocco,1002746,-0.20931160511204222,703960,0.062364352734155096,0.11820565244227069,0.21191163845628605,0.003151459923301819,0.2044258527951833,-0.04891356172793315
Mozambique,58006,-0.23217267874939207,0,0.005671757994725429,1.5924379664298265,0.670108589698569,0.0015187758666514789,-1.0232402740454558,-1.4576241394924039
Namibia,28836,-0.2324623385451391,2152,0.08210301844559204,3.0146239031161355,0.3676502822652871,0.00011390818999886092,-0.22053549880349932,-0.988053946904247
Nepal,682623,-0.2308707130930758,308056,0.018591322882468442,-0.8843719313607526,0.3034272987619397,0.007707787523256256,-1.8259450492874123,-0.6358763024631293
Netherlands,5167516,0.3912002587739821,16967,0.44060950612002264,-1.11615975696052,0.024668631213394635,0.019288453506473784,1.526527835546641,1.4771895641835768
New Zealand,175979,-0.23034852363430694,149560,0.31914296004891113,-0.340148174114472,0.030805777401718026,0.0006834491399931655,1.2904381957695947,0.8902268234483807
Nicaragua,137545,-0.22765639141501098,86849,0.03796439062747564,1.103600460964022,0.16124955991346804,0.0020883168166457833,-0.12609964289268136,-0.5184837543160901
Niger,102223,-0.22657292345929284,79067,0.002530551167468095,-0.8806365454300412,0.5688369721361668,0.0007214185366594525,-2.014816761109049,-1.8098017839335216
Nigeria,1634040,-0.19302851500233179,600928,0.041589313215284,0.673533027474747,0.9139366451434313,0.008581083646580856,-0.362189282669727,-1.4576241394924039
North Macedonia,440483,-0.211251022775608,214483,0.12377292672998733,-0.49869333401476856,0.04843827171347656,0.003151459923301819,-0.03166378698186288,1.0076193715954198
Norway,1008821,-0.20681191123455744,544430,0.5133906021132605,-1.35837165382401,0.006175188605871186,0.0005695409499943046,1.1015664839479578,1.125011919742459
Oman,2559773,-0.2207035540340519,1439269,0.3259165221905467,-1.2041209670296762,0.10463033675704281,0.0006075103466605915,1.2904381957695947,0.06847898641910607
Pakistan,12833994,0.03279888139611635,6936003,0.03822997459027661,-1.1452512847616592,0.6813057407407314,0.010897216843224361,-1.1648940579116835,-0.8706613987572077
Panama,2378126,-0.18066034240884252,1213644,0.19666016683374954,1.6373999911038677,0.1419572796613048,0.0022022250066446444,0.39329756461682025,-0.04891356172793315
Papua New Guinea,1185,-0.23253249835725776,695,0.028473577075198955,0.46186115806774913,0.432106749082885,0.0007593879333257394,-2.203688472930686,-0.988053946904247
Paraguay,156373,-0.230867706243985,75800,0.10190497043862952,1.6245444978818984,0.1904177349980811,0.0006834491399931655,0.10998999688436484,-0.5184837543160901
Peru,19263916,0.4210672907928952,10862846,0.10839023867197936,0.7025998639207667,0.11020099050358727,0.0009872043133234613,0.9126947721263213,0.06847898641910607
Philippines,2972611,-0.12138933313099956,785042,0.06505451844481251,0.7308089450789922,0.25330057391385985,0.013972737973193606,-0.5982789224467732,-0.5184837543160901
Poland,2755525,-0.11424706425732009,1465856,0.24250013713141527,-0.8156890287637952,0.028544072293273548,0.004708205186619584,0.015554140973546356,1.3597970160365376
Portugal,3855363,-0.08559680383715064,1809966,0.25897865055213143,-0.03431858985111212,0.0195823322483332,0.004214603029957854,0.29886170870600176,1.8293672086246946
Qatar,6377607,-0.22539524089872962,4676443,1.0,-1.2738481710696283,0.05125103390903637,0.009416410373239169,1.7153995473682773,0.1858715345661453
Romania,2363132,-0.09218380791206243,1409409,0.21768728617201505,-0.1407275957596928,0.05284224900325493,0.0031894293199681055,-0.22053549880349932,1.4771895641835768
Russia,45408411,0.3882645717783314,25120448,0.16499332159743768,-0.2789026997409967,0.23996724171662834,0.00034172456999658277,0.6766051323492751,1.125011919742459
Rwanda,71242,-0.23236511709120325,36974,0.011948661180635109,1.1207832362452952,0.31187198343287625,0.01993393324980066,-1.9675988331536398,-1.2228390431983254
Saint Kitts and Nevis,1772,-0.2325345029233183,1295,0.16499332159743768,0.0,0.14315776687136592,0.014077533507992557,0.0,0.0
Saint Lucia,2236,-0.2325345029233183,1860,0.16499332159743768,1.863377959270784,0.2329349410431947,0.011428788396552378,-1.9203809051982306,0.42065663086022376
Saint Vincent and the Grenadines,2771,-0.2325345029233183,1995,0.16499332159743768,0.0,0.14956987581170816,0.014077533507992557,0.0,0.0
San Marino,74949,-0.2274368914313826,41810,0.16499332159743768,-1.519761078174816,0.0,0.021490678513118425,1.7626174753236865,0.0
Sao Tome and Principe,46884,-0.23158233404456507,15882,0.021199483876628924,0.7188557101007149,0.27658236705162337,0.014077533507992557,0.0,0.0
Saudi Arabia,12362961,-0.1271444422907901,8474107,0.4327361162136615,0.7905751199703794,0.052731590680019334,0.0006075103466605915,1.148784411903367,0.1858715345661453
Senegal,467457,-0.22534111761509523,286778,0.024084457635389,0.04275085664189473,0.3924383619162479,0.0033033375099669666,-0.5038430665359548,-1.3402315913453646
Serbia,1376322,-0.20359257814134127,735730,0.1323041821784158,-0.13090222908956298,0.039435962299335686,0.003796939666628697,-0.17331757084809007,1.3597970160365376
Seychelles,3977,-0.2325345029233183,1247,0.23632097298801305,1.204455881093238,0.13543589057900002,0.008125450886585412,-0.17331757084809007,0.42065663086022376
Sierra Leone,95846,-0.2283389461586225,58390,0.00679954895666865,-0.5825527481592467,0.9989664118548158,0.004214603029957854,-0.7871506342684099,-1.3402315913453646
Singapore,3502472,-0.23008793004643763,2372884,0.7989223752584547,1.2687045191014794,0.007004483344513114,0.3173482173368265,0.0,1.3597970160365376
Slovakia,176429,-0.22983635700584074,121950,0.16499332159743768,-1.5621837935856755,0.04012068598005441,0.0043285112199567145,-0.26775342675890856,1.2424044678894983
Slovenia,186132,-0.2211826453225193,109805,0.29570628348311034,-1.3599067516156558,0.002104560773295699,0.003910847856627558,-0.22053549880349932,1.7119746604776553
Somalia,206646,-0.2255125080132708,59491,0.16499332159743768,-0.174275065932456,0.9123246079844973,0.0009492349166571743,-0.5982789224467732,-1.5750166876394431
South Africa,11168743,-0.05014003935844102,5836423,0.10259425204629827,4.053509438165678,0.3272957992057071,0.0018605004366480616,0.346079636661411,-0.2836986580220116
South Korea,1647537,-0.19893998031484392,1246797,0.16499332159743768,0.0,0.23996724171662834,0.020009872043133235,1.0543485559925485,1.594582112330616
South Sudan,118818,-0.23052392316460357,23121,0.16499332159743768,0.0,0.7656629577304414,0.0006834491399931655,-1.6370733374657753,-1.3402315913453646
Spain,27404045,2.8074199963660487,15093583,0.30891752671542155,-0.19278123508632666,0.013962711834259197,0.0035691232866309755,0.9599127000817306,1.7119746604776553
Sri Lanka,166865,-0.23142698017487376,109389,0.10090410462414175,0.4404449453983357,0.05765070763789064,0.012947564263203858,-1.9675988331536398,0.42065663086022376
Sudan,586392,-0.19703864940642826,240835,0.031893558495627715,-0.6751903192408969,0.49648449781783316,0.0009492349166571743,-1.1648940579116835,-1.2228390431983254
Suriname,32247,-0.23181185685849612,17436,0.11704943186954933,-0.09844673153900815,0.18345787810314454,0.00015187758666514788,0.25164378075059257,-0.16630610987497238
Sweden,4973160,0.21740337904273138,0,0.41587742668039696,-1.1288234506369086,0.007415296515176402,0.0009492349166571743,1.337656123725004,1.2424044678894983
Switzerland,3696604,-0.024201956818172856,2957883,0.5336067732273863,-1.020451246053617,0.026071120500624982,0.008315297869916846,0.6766051323492751,1.4771895641835768
Syria,20946,-0.23155928153486893,0,0.16499332159743768,0.0,0.23996724171662834,0.003607092683297262,0.015554140973546356,-0.5184837543160901
Taiwan*,55593,-0.23169258517789437,42184,0.16499332159743768,0.0,0.23996724171662834,0.014077533507992557,0.0,0.0
Tajikistan,383026,-0.22861056485982473,264000,0.021446739815497915,-0.7110500241757296,0.3534442415815219,0.0025819189733075143,-1.5426374815549568,-0.988053946904247
Tanzania,49327,-0.23054497110823918,16729,0.01978594448557103,0.05619824599245741,0.23996724171662834,0.002543949576641227,-1.070458202000865,-1.4576241394924039
Thailand,366527,-0.22623114494597193,312360,0.1451172053550585,-0.2867101824468783,0.07832582649211497,0.005201807343281315,-0.40940721062513624,1.125011919742459
Timor-Leste,2487,-0.2325345029233183,0,0.054807929675572103,-1.510422613348037,0.4600531668631793,0.0033792763032995405,-1.2593299138225018,-1.1054464950512861
Togo,47390,-0.2312365463991231,28330,0.008162345782072328,0.8637886842123303,0.5567595062918361,0.00577134829327562,-0.7871506342684099,-1.3402315913453646
Trinidad and Tobago,14967,-0.23158333632759534,10531,0.2478759343255599,0.0,0.17812366364756504,0.010365645289896343,-0.362189282669727,0.6554417271543023
Tunisia,126590,-0.2272725170144189,85410,0.09320842296856734,-0.40001688901180027,0.16341978608560323,0.00288567414663781,0.4877334205276382,0.30326408271318456
Turkey,17903345,0.2345855170305909,13345389,0.21659736929068155,0.2873236676645952,0.08957544840757439,0.004176633633291567,0.7710409882600936,0.1858715345661453
US,224345948,10.80401588166715,56353416,0.16499332159743768,0.0,0.23996724171662834,0.014077533507992557,0.0,0.0
Uganda,56688,-0.2325284892251367,39767,0.010256427217495,0.5031994290342916,0.401762420525437,0.008694991836579716,-1.589855409510366,-1.5750166876394431
Ukraine,3214085,-0.1470918791591551,1387463,0.06741969041165342,-2.051306496115093,0.0714887382114613,0.0028477047499715228,0.440515492572229,1.2424044678894983
United Arab Emirates,3658838,-0.20708954363394128,2402874,0.5892078861757815,-0.9336790256461481,0.061774688038017125,0.004480388806621863,1.2432202678141855,0.30326408271318456
United Kingdom,26748587,3.774367538400556,126217,0.3585245335833982,-0.3773266751505593,0.027432961295764696,0.01066940046322664,1.1015664839479578,1.125011919742459
Uruguay,94742,-0.23007289580098364,72759,0.18095305156062702,0.002213025517647582,0.05754170418164996,0.0007593879333257394,1.7153995473682773,0.6554417271543023
Uzbekistan,678008,-0.22958979538039515,423777,0.0619231601169976,0.0,0.17710139869461697,0.002999582336636671,-0.4566251385805455,-0.2836986580220116
Venezuela,412231,-0.22842414021619514,151542,0.16499332159743768,-0.046151328509043923,0.23996724171662834,0.001215020693321183,0.0,-0.04891356172793315
Vietnam,40675,-0.2325345029233183,32838,0.05313838091043375,-0.25616302639127975,0.23996724171662834,0.01192239055321411,-1.0232402740454558,0.1858715345661453
West Bank and Gaza,233461,-0.23116137517185312,61124,0.03498405104799532,0.06803098465038922,0.23996724171662834,0.014077533507992557,0.0,0.0
Western Sahara,901,-0.2324713590924115,648,0.16499332159743768,0.0,0.23996724171662834,7.593879333257394e-05,1.2904381957695947,-0.2836986580220116
Yemen,67180,-0.2147870773063884,23779,0.16499332159743768,-0.3061341892865796,0.5298683351299442,0.0021262862133120705,-1.0232402740454558,-1.2228390431983254
Zambia,129421,-0.2298854688743238,83611,0.027583097947495867,2.632867460997398,0.5146781763893399,0.0009492349166571743,-0.6927147783575914,-1.4576241394924039
Zimbabwe,50794,-0.23165149157365345,12207,0.018117590527641902,0.35846567550564884,0.4644771446742886,0.001442837073318905,-1.0232402740454558,-1.3402315913453646
